participant_id	grit_1	grit_2	grit_3	grit_4	grit_5	grit_6	grit_7	grit_8	grit_9	grit_10	grit_11	grit_12	grit_13	grit_14	grit_15___0	grit_15___1	grit_15___2	grit_15___3	grit_score_grittiness	grit_score_openness
sub-102041	4.0	3.0	4.0	4.0	4.0	4.0	3.0	4.0	4.0	4.0	4.0	4.0	4.0	12.0	1.0	0.0	0.0	0.0	3.6666666666666665	4.0
sub-103679	5.0	4.0	5.0	3.0	4.0	4.0	4.0	4.0	5.0	4.0	4.0	5.0	2.0	11.0	1.0	1.0	1.0	1.0	3.8333333333333335	4.666666666666667
sub-104059	5.0	5.0	5.0	3.0	4.0	4.0	3.0	4.0	5.0	4.0	3.0	5.0	2.0	8.0	1.0	1.0	1.0	1.0	3.8333333333333335	4.5
sub-104235	3.0	3.0	3.0	3.0	3.0	3.0	3.0	2.0	4.0	3.0	4.0	4.0	6.0	10.0	1.0	1.0	1.0	0.0	2.8333333333333335	3.5
sub-104785	5.0	3.0	4.0	4.0	4.0	4.0	4.0	4.0	4.0	3.0	3.0	5.0	5.0	10.0	1.0	1.0	1.0	1.0	3.6666666666666665	4.166666666666667
sub-105168	5.0	5.0	5.0	3.0	5.0	4.0	3.0	5.0	4.0	5.0	4.0	5.0	2.0	12.0	1.0	1.0	1.0	1.0	4.333333333333333	4.5
sub-105176	5.0	3.0	3.0	2.0	3.0	3.0	3.0	3.0	4.0	5.0	3.0	5.0	5.0	7.0	0.0	1.0	0.0	0.0	3.1666666666666665	3.8333333333333335
sub-105309	5.0	2.0	3.0	3.0	4.0	4.0	4.0	2.0	5.0	3.0	5.0	5.0	6.0	3.0	1.0	0.0	0.0	0.0	3.0	4.5
sub-105767	5.0	1.0	1.0	3.0	4.0	3.0	2.0	1.0	3.0	1.0	3.0	4.0	5.0	1.0	1.0	0.0	0.0	0.0	2.0	3.1666666666666665
sub-105860	3.0	2.0	3.0	4.0	4.0	2.0	4.0	4.0	3.0	4.0	3.0	4.0	6.0	4.0	1.0	1.0	1.0	1.0	3.6666666666666665	3.0
sub-105979	4.0	3.0	2.0	3.0	4.0	3.0	4.0	4.0	2.0	4.0	3.0	4.0	5.0	9.0	1.0	1.0	0.0	1.0	3.6666666666666665	3.0
sub-106039	4.0	5.0	1.0	1.0	5.0	5.0	2.0	1.0	3.0	4.0	4.0	4.0	8.0	10.0	1.0	1.0	0.0	0.0	3.0	3.5
sub-106071	3.0	4.0	4.0	4.0	5.0	4.0	4.0	3.0	4.0	5.0	3.0	3.0	2.0	8.0	1.0	1.0	0.0	0.0	4.166666666666667	3.5
sub-106246	5.0	3.0	4.0	1.0	3.0	5.0	1.0	1.0	5.0	3.0	5.0	5.0	3.0	11.0	1.0	1.0	0.0	1.0	2.0	4.833333333333333
sub-106331	3.0	3.0	5.0	3.0	4.0	4.0	3.0	3.0	3.0	5.0	3.0	4.0	3.0	17.0	1.0	1.0	1.0	1.0	3.5	3.6666666666666665
sub-106802	3.0	3.0	5.0	3.0	3.0	3.0	3.0	3.0	5.0	3.0	5.0	5.0	16.0	8.0	1.0	1.0	1.0	1.0	3.0	4.333333333333333
sub-106880	3.0	5.0	2.0	3.0	5.0	5.0	3.0	3.0	3.0	4.0	3.0	5.0	4.0	8.0	1.0	1.0	1.0	1.0	3.8333333333333335	3.5
sub-107055	5.0	5.0	1.0	2.0	5.0	5.0	1.0	2.0	5.0	4.0	5.0	4.0	2.0	11.0	1.0	1.0	1.0	0.0	3.1666666666666665	4.166666666666667
sub-108202	4.0	5.0	1.0	4.0	5.0	5.0	3.0	4.0	2.0	5.0	3.0	4.0	8.0	4.0	1.0	1.0	1.0	1.0	4.333333333333333	3.1666666666666665
sub-109521	3.0	2.0	4.0	2.0	5.0	4.0	3.0	3.0	3.0	4.0	4.0	5.0	12.0	8.0	1.0	1.0	1.0	1.0	3.1666666666666665	3.8333333333333335
sub-109646	5.0	2.0	3.0	3.0	3.0	5.0	3.0	3.0	2.0	2.0	3.0	5.0	4.0	12.0	1.0	1.0	1.0	1.0	2.6666666666666665	3.8333333333333335
sub-109735	5.0	2.0	5.0	3.0	4.0	3.0	3.0	2.0	5.0	3.0	3.0	5.0	3.0	10.0	0.0	1.0	0.0	1.0	2.8333333333333335	4.333333333333333
sub-110168	4.0	4.0	2.0	3.0	4.0	4.0	4.0	4.0	4.0	5.0	4.0	5.0	5.0	12.0	1.0	1.0	0.0	1.0	4.0	3.8333333333333335
sub-110354	4.0	3.0	4.0	2.0	3.0	4.0	3.0	4.0	3.0	3.0	2.0	3.0	5.0	7.0	1.0	1.0	0.0	1.0	3.0	3.3333333333333335
sub-110828	5.0	4.0	3.0	1.0	5.0	5.0	3.0	2.0	5.0	5.0	4.0	5.0	5.0	4.0	1.0	1.0	0.0	1.0	3.3333333333333335	4.5
sub-112028	5.0	2.0	5.0	3.0	5.0	5.0	1.0	4.0	4.0	3.0	4.0	5.0	3.0	12.0	1.0	1.0	1.0	1.0	3.0	4.666666666666667
sub-112061	5.0	3.0	4.0	2.0	2.0	3.0	2.0	1.0	3.0	2.0	3.0	5.0	3.0	3.0	1.0	1.0	1.0	1.0	2.0	3.8333333333333335
sub-112126	5.0	3.0	4.0	3.0	5.0	4.0	3.0	2.0	5.0	4.0	5.0	5.0	3.0	8.0	1.0	1.0	1.0	1.0	3.3333333333333335	4.666666666666667
sub-112249	3.0	2.0	4.0	3.0	3.0	3.0	3.0	3.0	5.0	4.0	3.0	5.0	3.0	8.0	1.0	1.0	0.0	1.0	3.0	3.8333333333333335
sub-112332	5.0	3.0	3.0	3.0	5.0	3.0	4.0	4.0	2.0	4.0	4.0	5.0	2.0	12.0	1.0	1.0	1.0	0.0	3.8333333333333335	3.6666666666666665
sub-112694	4.0	2.0	1.0	4.0	3.0	4.0	4.0	3.0	5.0	2.0	4.0	5.0	3.0	2.0	1.0	0.0	0.0	0.0	3.0	3.8333333333333335
sub-113111	4.0	1.0	3.0	5.0	3.0	2.0	3.0	5.0	2.0	3.0	1.0	4.0	3.0	8.0	1.0	1.0	1.0	1.0	3.3333333333333335	2.6666666666666665
sub-114709	4.0	2.0	1.0	2.0	5.0	5.0	4.0	4.0	5.0	5.0	5.0	5.0	4.0	8.0	1.0	1.0	0.0	1.0	3.6666666666666665	4.166666666666667
sub-114713	4.0	5.0	4.0	4.0	5.0	3.0	5.0	5.0	3.0	5.0	4.0	3.0	2.0	12.0	0.0	1.0	1.0	0.0	4.833333333333333	3.5
sub-114723	5.0	5.0	1.0	1.0	5.0	5.0	1.0	1.0	5.0	5.0	5.0	5.0	10.0	16.0	1.0	1.0	1.0	1.0	3.0	4.333333333333333
sub-114935	3.0	3.0	4.0	4.0	5.0	4.0	5.0	4.0	3.0	5.0	5.0	5.0	3.0	4.0	1.0	1.0	1.0	1.0	4.333333333333333	4.0
sub-114990	5.0	3.0	3.0	3.0	2.0	5.0	2.0	1.0	5.0	3.0	5.0	5.0	4.0	6.0	1.0	1.0	1.0	1.0	2.3333333333333335	4.666666666666667
sub-115800	4.0	3.0	5.0	3.0	3.0	3.0	3.0	4.0	4.0	3.0	3.0	5.0	5.0	10.0	1.0	1.0	0.0	1.0	3.1666666666666665	4.0
sub-116019	5.0	5.0	1.0	5.0	4.0	3.0	4.0	5.0	5.0	5.0	3.0	5.0	5.0	12.0	1.0	1.0	1.0	1.0	4.666666666666667	3.6666666666666665
sub-116051	4.0	4.0	1.0	3.0	4.0	3.0	4.0	3.0	2.0	5.0	2.0	3.0	4.0	6.0	1.0	0.0	0.0	1.0	3.8333333333333335	2.5
sub-116210	3.0	4.0	3.0	3.0	2.0	3.0	3.0	3.0	3.0	3.0	2.0	3.0	6.0	4.0	0.0	1.0	0.0	0.0	3.0	2.8333333333333335
sub-116354	4.0	4.0	4.0	4.0	4.0	5.0	4.0	4.0	3.0	3.0	2.0	5.0	6.0	10.0	1.0	1.0	0.0	1.0	3.8333333333333335	3.8333333333333335
sub-116360	3.0	2.0	3.0	4.0	3.0	3.0	3.0	4.0	4.0	4.0	4.0	4.0	5.0	9.0	1.0	1.0	1.0	1.0	3.3333333333333335	3.5
sub-117226	4.0	4.0	3.0	3.0	3.0	4.0	3.0	3.0	2.0	3.0	3.0	5.0	8.0	8.0	1.0	1.0	1.0	1.0	3.1666666666666665	3.5
sub-117397	3.0	3.0	4.0	4.0	3.0	3.0	3.0	4.0	2.0	3.0	3.0	4.0	2.0	6.0	1.0	1.0	1.0	1.0	3.3333333333333335	3.1666666666666665
sub-118393	5.0	4.0	2.0	4.0	5.0	4.0	4.0	4.0	3.0	4.0	4.0	4.0	2.0	4.0	1.0	1.0	1.0	0.0	4.166666666666667	3.6666666666666665
sub-118864	5.0	3.0	5.0	3.0	4.0	5.0	3.0	2.0	5.0	3.0	5.0	5.0	3.0	1.0	1.0	1.0	1.0	1.0	3.0	5.0
sub-118990	5.0	3.0	2.0	3.0	5.0	5.0	3.0	3.0	4.0	3.0	3.0	5.0	6.0	8.0	1.0	1.0	1.0	1.0	3.3333333333333335	4.0
sub-119302	5.0	2.0	3.0	2.0	4.0	5.0	2.0	1.0	2.0	4.0	3.0	5.0	6.0	8.0	1.0	1.0	0.0	1.0	2.5	3.8333333333333335
sub-119791	3.0	3.0	3.0	2.0	5.0	5.0	4.0	3.0	5.0	5.0	4.0	5.0	3.0	5.0	1.0	1.0	1.0	1.0	3.6666666666666665	4.166666666666667
sub-120217	5.0	3.0	4.0	2.0	3.0	5.0	3.0	1.0	4.0	3.0	4.0	5.0	2.0	10.0	1.0	1.0	0.0	1.0	2.5	4.5
sub-120562	5.0	2.0	4.0	1.0	4.0	3.0	1.0	1.0	5.0	4.0	5.0	4.0	3.0	10.0	0.0	1.0	1.0	1.0	2.1666666666666665	4.333333333333333
sub-121001	3.0	2.0	4.0	5.0	5.0	3.0	4.0	4.0	2.0	3.0	2.0	5.0	3.0	8.0	1.0	1.0	0.0	1.0	3.8333333333333335	3.1666666666666665
sub-121050	4.0	3.0	3.0	2.0	2.0	3.0	2.0	2.0	3.0	4.0	3.0	3.0	3.0	0.5	1.0	0.0	0.0	1.0	2.5	3.1666666666666665
sub-121085	5.0	4.0	4.0	4.0	5.0	5.0	4.0	4.0	5.0	5.0	5.0	5.0	3.0	11.0	1.0	1.0	1.0	1.0	4.333333333333333	4.833333333333333
sub-121407	4.0	3.0	4.0	3.0	4.0	3.0	2.0	4.0	2.0	4.0	4.0	5.0	3.0	12.0	1.0	1.0	0.0	1.0	3.3333333333333335	3.6666666666666665
sub-121476	3.0	1.0	2.0	3.0	4.0	3.0	3.0	2.0	4.0	3.0	4.0	4.0	6.0	5.0	1.0	1.0	1.0	1.0	2.6666666666666665	3.3333333333333335
sub-121670	5.0	4.0	1.0	4.0	5.0	5.0	3.0	1.0	5.0	4.0	5.0	5.0	4.0	3.0	0.0	0.0	0.0	1.0	3.5	4.333333333333333
sub-122522	4.0	4.0	4.0	3.0	5.0	4.0	4.0	5.0	4.0	5.0	4.0	3.0	4.0	7.0	1.0	1.0	1.0	1.0	4.333333333333333	3.8333333333333335
sub-122528	5.0	3.0	4.0	2.0	5.0	4.0	2.0	2.0	2.0	4.0	3.0	5.0	5.0	16.0	1.0	1.0	1.0	1.0	3.0	3.8333333333333335
sub-122801	5.0	3.0	5.0	3.0	3.0	4.0	3.0	3.0	4.0	3.0	4.0	5.0	3.0	9.0	1.0	1.0	1.0	1.0	3.0	4.5
sub-122916	5.0	4.0	5.0	3.0	3.0	4.0	3.0	3.0	4.0	4.0	4.0	5.0	4.0	9.0	1.0	1.0	0.0	1.0	3.3333333333333335	4.5
sub-125511	5.0	1.0	5.0	3.0	3.0	5.0	2.0	1.0	5.0	1.0	5.0	5.0	4.0	10.0	1.0	0.0	0.0	1.0	1.8333333333333333	5.0
sub-125535	5.0	3.0	2.0	5.0	5.0	5.0	5.0	5.0	1.0	4.0	2.0	4.0	5.0	8.0	1.0	1.0	0.0	1.0	4.5	3.1666666666666665
sub-125554	5.0	4.0	5.0	3.0	5.0	3.0	3.0	4.0	5.0	3.0	5.0	5.0	4.0	6.0	1.0	1.0	0.0	1.0	3.6666666666666665	4.666666666666667
sub-126176	4.0	2.0	5.0	2.0	5.0	4.0	3.0	3.0	1.0	2.0	4.0	5.0	2.0	14.0	1.0	0.0	0.0	1.0	2.8333333333333335	3.8333333333333335
sub-126389	4.0	3.0	3.0	4.0	4.0	3.0	5.0	4.0	4.0	4.0	3.0	4.0	4.0	12.0	1.0	1.0	1.0	1.0	4.0	3.5
sub-126554	5.0	5.0	4.0	3.0	4.0	3.0	4.0	3.0	4.0	3.0	4.0	5.0	2.5	1.5	1.0	1.0	1.0	1.0	3.6666666666666665	4.166666666666667
sub-126903	3.0	4.0	4.0	5.0	2.0	2.0	3.0	5.0	4.0	5.0	5.0	5.0	6.0	9.0	1.0	1.0	0.0	1.0	4.0	3.8333333333333335
sub-126921	5.0	5.0	1.0	1.0	5.0	5.0	1.0	1.0	5.0	4.0	5.0	3.0	5.0	12.0	1.0	0.0	0.0	0.0	2.8333333333333335	4.0
sub-127008	4.0	3.0	4.0	3.0	4.0	4.0	4.0	4.0	4.0	4.0	5.0	4.0	10.0	4.0	1.0	1.0	1.0	1.0	3.6666666666666665	4.166666666666667
sub-127236	4.0	3.0	5.0	4.0	3.0	3.0	4.0	3.0	4.0	3.0	4.0	5.0	6.0	4.0	1.0	0.0	0.0	1.0	3.3333333333333335	4.166666666666667
sub-127305	4.0	5.0	1.0	1.0	5.0	5.0	3.0	4.0	5.0	5.0	5.0	5.0	5.0	6.0	1.0	1.0	1.0	1.0	3.8333333333333335	4.166666666666667
sub-127417	3.0	3.0	2.0	1.0	2.0	2.0	3.0	3.0	4.0	3.0	4.0	3.0	8.0	5.0	1.0	1.0	1.0	1.0	2.5	3.0
sub-127542	5.0	1.0	5.0	5.0	5.0	5.0	3.0	5.0	5.0	3.0	5.0	5.0	4.0	2.0	1.0	1.0	1.0	1.0	3.6666666666666665	5.0
sub-127611	5.0	3.0	5.0	5.0	3.0	2.0	4.0	2.0	5.0	3.0	3.0	4.0	3.0	5.0	1.0	1.0	1.0	1.0	3.3333333333333335	4.0
sub-128061	5.0	5.0	4.0	3.0	3.0	3.0	1.0	3.0	5.0	2.0	4.0	4.0	5.0	2.0	1.0	1.0	1.0	1.0	2.8333333333333335	4.166666666666667
sub-128154	5.0	3.0	5.0	5.0	5.0	4.0	4.0	5.0	5.0	5.0	5.0	5.0	2.0	6.0	1.0	1.0	1.0	1.0	4.5	4.833333333333333
sub-129354	1.0	3.0	1.0	3.0	3.0	1.0	4.0	3.0	2.0	4.0	2.0	4.0	10.0	9.0	1.0	1.0	1.0	1.0	3.3333333333333335	1.8333333333333333
sub-129405	3.0	3.0	2.0	3.0	5.0	5.0	3.0	3.0	4.0	3.0	3.0	4.0	2.0	12.0	1.0	1.0	1.0	1.0	3.3333333333333335	3.5
sub-129552	5.0	2.0	3.0	2.0	3.0	4.0	3.0	2.0	5.0	3.0	3.0	5.0	4.0	3.0	1.0	1.0	1.0	1.0	2.5	4.166666666666667
sub-129720	5.0	3.0	4.0	4.0	4.0	4.0	3.0	4.0	4.0	4.0	3.0	5.0	2.0	15.0	1.0	1.0	0.0	1.0	3.6666666666666665	4.166666666666667
sub-129886	5.0	2.0	5.0	4.0	3.0	5.0	4.0	3.0	3.0	3.0	3.0	5.0	4.0	6.0	0.0	1.0	0.0	0.0	3.1666666666666665	4.333333333333333
sub-129926	4.0	2.0	5.0	3.0	4.0	5.0	4.0	5.0	5.0	4.0	5.0	5.0	2.0	10.0	1.0	1.0	1.0	1.0	3.6666666666666665	4.833333333333333
sub-130121	5.0	5.0	1.0	1.0	5.0	5.0	1.0	1.0	5.0	5.0	5.0	5.0	15.0	22.0	1.0	1.0	0.0	1.0	3.0	4.333333333333333
sub-130211	5.0	5.0	3.0	4.0	5.0	5.0	4.0	4.0	5.0	5.0	4.0	4.0	0.5	16.0	1.0	1.0	1.0	1.0	4.5	4.333333333333333
sub-130687	4.0	3.0	4.0	3.0	4.0	3.0	3.0	2.0	3.0	4.0	4.0	4.0	3.0	9.0	1.0	1.0	0.0	1.0	3.1666666666666665	3.6666666666666665
sub-130759	4.0	3.0	3.0	2.0	4.0	2.0	4.0	4.0	3.0	4.0	4.0	2.0	3.0	1.0	1.0	0.0	0.0	0.0	3.5	3.0
sub-130896	5.0	4.0	2.0	3.0	5.0	4.0	5.0	5.0	5.0	5.0	5.0	5.0	8.0	6.0	1.0	1.0	1.0	1.0	4.5	4.333333333333333
sub-131224	5.0	5.0	5.0	1.0	5.0	5.0	3.0	2.0	4.0	2.0	5.0	5.0	4.0	9.0	1.0	1.0	1.0	1.0	3.0	4.833333333333333
sub-131867	4.0	4.0	4.0	3.0	4.0	5.0	4.0	4.0	3.0	4.0	4.0	5.0	1.0	8.0	1.0	1.0	1.0	1.0	3.8333333333333335	4.166666666666667
sub-132179	3.0	3.0	4.0	3.0	3.0	3.0	3.0	3.0	3.0	3.0	3.0	3.0	4.0	2.0	1.0	1.0	1.0	1.0	3.0	3.1666666666666665
sub-132224	4.0	3.0	3.0	4.0	3.0	4.0	3.0	3.0	3.0	4.0	3.0	5.0	2.0	3.0	1.0	1.0	0.0	1.0	3.3333333333333335	3.6666666666666665
sub-132657	5.0	2.0	2.0	4.0	1.0	5.0	2.0	1.0	5.0	2.0	4.0	5.0	5.0	9.0	1.0	1.0	0.0	1.0	2.0	4.333333333333333
sub-133220	5.0	4.0	5.0	3.0	3.0	3.0	3.0	3.0	4.0	4.0	4.0	4.0	6.0	8.0	1.0	1.0	0.0	0.0	3.3333333333333335	4.166666666666667
sub-139272	4.0	3.0	1.0	1.0	3.0	4.0	3.0	4.0	5.0	4.0	5.0	5.0	3.0	5.0	1.0	1.0	1.0	1.0	3.0	4.0
sub-19977	5.0	3.0	5.0	4.0	5.0	5.0	5.0	5.0	4.0	4.0	4.0	5.0	2.0	12.0	1.0	1.0	0.0	1.0	4.333333333333333	4.666666666666667
sub-19981	5.0	2.0	3.0	5.0	5.0	2.0	3.0	5.0	2.0	4.0	3.0	5.0	3.0	9.0	1.0	0.0	1.0	1.0	4.0	3.3333333333333335
sub-20011	5.0	2.0	4.0	2.0	5.0	5.0	3.0	1.0	5.0	3.0	5.0	5.0	2.0	8.0	1.0	0.0	0.0	1.0	2.6666666666666665	4.833333333333333
sub-20017	5.0	3.0	5.0	5.0	3.0	3.0	2.0	1.0	5.0	4.0	4.0	5.0	4.0	5.0	1.0	0.0	1.0	1.0	3.0	4.5
sub-20120	3.0	2.0	4.0	2.0	3.0	4.0	3.0	2.0	4.0	1.0	3.0	5.0	3.0	8.0	1.0	1.0	0.0	1.0	2.1666666666666665	3.8333333333333335
sub-20151	5.0	2.0	3.0	4.0	4.0	5.0	4.0	3.0	2.0	4.0	3.0	5.0	2.0	10.0	1.0	0.0	1.0	1.0	3.5	3.8333333333333335
sub-20153	4.0	1.0	1.0	1.0	5.0	4.0	2.0	1.0	1.0	3.0	2.0	4.0	8.0	4.0	1.0	1.0	1.0	1.0	2.1666666666666665	2.6666666666666665
sub-20189	5.0	2.0	1.0	1.0	5.0	5.0	1.0	1.0	5.0	2.0	3.0	5.0	3.0	9.0	1.0	0.0	0.0	1.0	2.0	4.0
sub-20197	5.0	3.0	4.0	1.0	5.0	3.0	1.0	1.0	4.0	2.0	4.0	5.0	2.0	10.0	0.0	1.0	0.0	1.0	2.1666666666666665	4.166666666666667
sub-20247	4.0	2.0	2.0	2.0	5.0	5.0	3.0	5.0	5.0	4.0	5.0	5.0	1.0	12.0	0.0	1.0	1.0	1.0	3.5	4.333333333333333
sub-20313	5.0	3.0	5.0	2.0	5.0	5.0	3.0	2.0	5.0	3.0	5.0	5.0	2.0	12.0	1.0	1.0	0.0	1.0	3.0	5.0
sub-20320	5.0	4.0	3.0	4.0	5.0	5.0	4.0	5.0	3.0	4.0	4.0	5.0	3.0	8.0	1.0	1.0	1.0	1.0	4.333333333333333	4.166666666666667
sub-20322	5.0	3.0	4.0	3.0	5.0	5.0	3.0	2.0	4.0	3.0	4.0	5.0	4.0	8.0	1.0	0.0	0.0	1.0	3.1666666666666665	4.5
sub-20325	5.0	1.0	3.0	1.0	3.0	3.0	2.0	1.0	2.0	2.0	2.0	4.0	3.0	0.0	1.0	1.0	0.0	1.0	1.6666666666666667	3.1666666666666665
sub-20326	5.0	3.0	4.0	4.0	3.0	2.0	4.0	4.0	3.0	3.0	3.0	4.0	4.0	12.0	1.0	1.0	1.0	1.0	3.5	3.5
sub-20327	5.0	3.0	1.0	3.0	4.0	5.0	4.0	4.0	3.0	4.0	3.0	3.0	4.0	2.0	1.0	1.0	1.0	1.0	3.6666666666666665	3.3333333333333335
sub-20362	5.0	3.0	4.0	1.0	3.0	3.0	1.0	1.0	5.0	4.0	5.0	5.0	5.0	9.0	1.0	1.0	1.0	1.0	2.1666666666666665	4.5
sub-20386	4.0	4.0	4.0	2.0	4.0	4.0	4.0	3.0	4.0	4.0	2.0	5.0	0.5	10.0	1.0	1.0	0.0	1.0	3.5	3.8333333333333335
sub-20387	5.0	1.0	3.0	3.0	5.0	4.0	3.0	3.0	2.0	2.0	4.0	5.0	2.0	8.5	1.0	1.0	1.0	1.0	2.8333333333333335	3.8333333333333335
sub-20461	5.0	1.0	5.0	1.0	5.0	5.0	2.0	1.0	5.0	3.0	3.0	5.0	15.0	2.0	1.0	1.0	1.0	1.0	2.1666666666666665	4.666666666666667
sub-20589	5.0	3.0	4.0	1.0	4.0	5.0	3.0	1.0	3.0	3.0	2.0	5.0	8.0	8.0	1.0	1.0	0.0	1.0	2.5	4.0
sub-20649	5.0	3.0	2.0	4.0	3.0	5.0	3.0	5.0	3.0	3.0	5.0	5.0	4.0	12.0	1.0	0.0	0.0	1.0	3.5	4.166666666666667
sub-20699	4.0	2.0	4.0	3.0	4.0	4.0	1.0	2.0	3.0	3.0	2.0	4.0	7.0	7.0	1.0	1.0	1.0	1.0	2.5	3.5
sub-20809	5.0	2.0	4.0	3.0	4.0	5.0	2.0	2.0	3.0	4.0	3.0	5.0	3.0	7.0	1.0	1.0	0.0	1.0	2.8333333333333335	4.166666666666667
sub-20888	5.0	3.0	4.0	3.0	5.0	4.0	3.0	2.0	4.0	4.0	3.0	5.0	5.0	10.0	1.0	1.0	1.0	1.0	3.3333333333333335	4.166666666666667
sub-20940	3.0	5.0	3.0	3.0	3.0	3.0	3.0	1.0	3.0	3.0	3.0	3.0	5.0	15.0	1.0	1.0	0.0	1.0	3.0	3.0
sub-20941	5.0	2.0	2.0	1.0	3.0	4.0	1.0	1.0	5.0	1.0	5.0	4.0	2.0	16.0	1.0	0.0	1.0	1.0	1.5	4.166666666666667
sub-20949	5.0	3.0	4.0	4.0	3.0	4.0	4.0	4.0	2.0	3.0	4.0	4.0	3.0	10.0	1.0	0.0	0.0	0.0	3.5	3.8333333333333335
sub-20963	5.0	2.0	4.0	3.0	2.0	5.0	1.0	1.0	3.0	1.0	3.0	5.0	5.0	7.0	1.0	0.0	0.0	1.0	1.6666666666666667	4.166666666666667
sub-20974	5.0	1.0	2.0	1.0	5.0	4.0	1.0	1.0	2.0	2.0	4.0	5.0	2.0	20.0	1.0	1.0	0.0	1.0	1.8333333333333333	3.6666666666666665
sub-20981	4.0	2.0	5.0	5.0	5.0	4.0	3.0	2.0	4.0	4.0	3.0	5.0	3.0	12.0	1.0	1.0	0.0	1.0	3.5	4.166666666666667
sub-21016	5.0	2.0	5.0	1.0	4.0	5.0	2.0	1.0	5.0	2.0	4.0	5.0	3.0	8.0	1.0	1.0	0.0	1.0	2.0	4.833333333333333
sub-21056	5.0	3.0	3.0	1.0	5.0	5.0	1.0	1.0	5.0	3.0	3.0	5.0	10.0	3.0	1.0	1.0	0.0	0.0	2.3333333333333335	4.333333333333333
sub-21059																				
sub-21085	5.0	4.0	1.0	4.0	5.0	3.0	5.0	5.0	2.0	5.0	3.0	4.0	1.0	14.0	1.0	1.0	1.0	1.0	4.666666666666667	3.0
sub-80557	4.0	3.0	3.0	4.0	5.0	4.0	3.0	4.0	4.0	4.0	5.0	5.0	6.0	8.0	1.0	1.0	0.0	1.0	3.8333333333333335	4.166666666666667
sub-80688	4.0	2.0	4.0	2.0	5.0	3.0	4.0	3.0	4.0	3.0	3.0	4.0	2.0	9.0	1.0	1.0	0.0	1.0	3.1666666666666665	3.6666666666666665
sub-81725	5.0	2.0	4.0	3.0	5.0	5.0	4.0	4.0	5.0	5.0	5.0	5.0	4.0	8.0	0.0	1.0	1.0	1.0	3.8333333333333335	4.833333333333333
sub-81760	5.0	2.0	4.0	3.0	4.0	4.0	3.0	3.0	3.0	4.0	4.0	4.0	3.0	8.0	1.0	1.0	0.0	1.0	3.1666666666666665	4.0
sub-82051	4.0	5.0	1.0	2.0	5.0	4.0	1.0	3.0	5.0	5.0	3.0	4.0	5.0	5.0	0.0	0.0	0.0	1.0	3.5	3.5
sub-82063	3.0	2.0	4.0	3.0	1.0	1.0	2.0	2.0	3.0	3.0	3.0	3.0	9.0	3.0	1.0	1.0	0.0	1.0	2.1666666666666665	2.8333333333333335
sub-82492	5.0	3.0	5.0	3.0	5.0	5.0	5.0	5.0	4.0	5.0	4.0	5.0	2.0	12.0	1.0	1.0	0.0	1.0	4.333333333333333	4.666666666666667
sub-82790	5.0	3.0	1.0	3.0	4.0	3.0	4.0	2.0	2.0	4.0	2.0	5.0	2.0	13.0	1.0	1.0	1.0	1.0	3.3333333333333335	3.0
sub-83010	4.0	3.0	3.0	2.0	2.0	4.0	3.0	3.0	4.0	3.0	4.0	3.0	5.0	7.0	1.0	1.0	0.0	0.0	2.6666666666666665	3.6666666666666665
sub-83372	4.0	3.0	4.0	1.0	4.0	4.0	2.0	2.0	4.0	2.0	3.0	5.0	2.0	16.0	1.0	0.0	1.0	1.0	2.3333333333333335	4.0
sub-83454	5.0	4.0	4.0	5.0	5.0	4.0	5.0	5.0	4.0	5.0	4.0	5.0	4.0	10.0	1.0	1.0	1.0	1.0	4.833333333333333	4.333333333333333
sub-83835	5.0	5.0	4.0	5.0	5.0	5.0	1.0	5.0	2.0	5.0	5.0	3.0	4.0	10.0	1.0	1.0	1.0	1.0	4.333333333333333	4.0
sub-83999	4.0	2.0	2.0	2.0	3.0	4.0	3.0	2.0	4.0	4.0	4.0	4.0	3.0	8.0	1.0	1.0	1.0	1.0	2.6666666666666665	3.6666666666666665
sub-84103	2.0	2.0	5.0	3.0	5.0	5.0	3.0	1.0	3.0	2.0	3.0	5.0	4.0	12.0	1.0	0.0	1.0	1.0	2.6666666666666665	3.8333333333333335
sub-84354	4.0	5.0	4.0	3.0	2.0	4.0	4.0	2.0	4.0	4.0	3.0	3.0	12.0	6.0	1.0	1.0	0.0	1.0	3.3333333333333335	3.6666666666666665
sub-84688	3.0	5.0	3.0	5.0	5.0	3.0	3.0	4.0	3.0	5.0	4.0	4.0	9.0	12.0	1.0	1.0	0.0	1.0	4.5	3.3333333333333335
sub-84761	5.0	3.0	5.0	2.0	4.0	5.0	2.0	1.0	5.0	3.0	5.0	5.0	4.0	10.0	1.0	1.0	1.0	1.0	2.5	5.0
sub-84973	5.0	2.0	4.0	2.0	3.0	3.0	4.0	3.0	3.0	2.0	4.0	5.0	5.0	6.0	1.0	1.0	0.0	1.0	2.6666666666666665	4.0
sub-85083	5.0	4.0	5.0	4.0	5.0	5.0	3.0	4.0	5.0	5.0	5.0	5.0	2.0	20.0	1.0	1.0	1.0	1.0	4.166666666666667	5.0
sub-85173	4.0	3.0	1.0	4.0	5.0	4.0	2.0	2.0	4.0	3.0	4.0	2.0	3.0	7.0	1.0	0.0	0.0	0.0	3.1666666666666665	3.1666666666666665
sub-85369	5.0	5.0	4.0	5.0	4.0	4.0	3.0	5.0	5.0	4.0	5.0	5.0	5.0	13.0	1.0	1.0	1.0	1.0	4.333333333333333	4.666666666666667
sub-85743	5.0	3.0	5.0	2.0	5.0	4.0	3.0	2.0	5.0	3.0	4.0	5.0	3.0	10.0	1.0	1.0	0.0	1.0	3.0	4.666666666666667
sub-85853	3.0	3.0	3.0	4.0	4.0	2.0	4.0	4.0	3.0	4.0	2.0	3.0	1.0	7.0	1.0	1.0	1.0	0.0	3.8333333333333335	2.6666666666666665
sub-86287	4.0	2.0	4.0	1.0	3.0	5.0	1.0	2.0	3.0	2.0	5.0	5.0	2.0	2.0	1.0	1.0	1.0	1.0	1.8333333333333333	4.333333333333333
sub-86350	5.0	5.0	3.0	4.0	5.0	5.0	4.0	3.0	2.0	3.0	3.0	5.0	8.0	8.0	1.0	1.0	0.0	1.0	4.0	3.8333333333333335
sub-86444	5.0	5.0	1.0	1.0	5.0	5.0	1.0	5.0	5.0	5.0	5.0	5.0	6.0	8.0	1.0	0.0	0.0	0.0	3.6666666666666665	4.333333333333333
sub-86486	5.0	3.0	5.0	3.0	4.0	5.0	2.0	1.0	5.0	4.0	5.0	5.0	2.0	6.5	1.0	1.0	1.0	1.0	2.8333333333333335	5.0
sub-86722	4.0	3.0	3.0	3.0	3.0	3.0	4.0	3.0	3.0	3.0	3.0	3.0	6.0	5.0	0.0	1.0	0.0	0.0	3.1666666666666665	3.1666666666666665
sub-86924	5.0	5.0	3.0	3.0	5.0	4.0	4.0	4.0	3.0	4.0	3.0	5.0	5.0	12.0	1.0	1.0	1.0	1.0	4.166666666666667	3.8333333333333335
sub-86972	3.0	2.0	1.0	3.0	5.0	2.0	3.0	3.0	1.0	2.0	2.0	2.0	4.0	10.0	1.0	1.0	0.0	0.0	3.0	1.8333333333333333
sub-87135	5.0	4.0	4.0	3.0	4.0	4.0	4.0	4.0	4.0	5.0	4.0	5.0	2.0	10.0	1.0	1.0	0.0	1.0	4.0	4.333333333333333
sub-87346	5.0	3.0	1.0	2.0	2.0	5.0	1.0	3.0	4.0	3.0	2.0	5.0	6.0	8.0	1.0	0.0	0.0	0.0	2.3333333333333335	3.6666666666666665
sub-87445	4.0	2.0	3.0	3.0	2.0	2.0	3.0	4.0	2.0	3.0	1.0	4.0	8.0	2.0	1.0	1.0	1.0	1.0	2.8333333333333335	2.6666666666666665
sub-87457	3.0	3.0	5.0	3.0	5.0	3.0	4.0	4.0	3.0	5.0	3.0	4.0	3.0	10.0	1.0	1.0	0.0	0.0	4.0	3.5
sub-87538	5.0	4.0	4.0	4.0	5.0	5.0	3.0	4.0	5.0	5.0	5.0	5.0	5.0	7.0	1.0	1.0	1.0	1.0	4.166666666666667	4.833333333333333
sub-87563	4.0	3.0	2.0	4.0	5.0	4.0	4.0	4.0	5.0	5.0	4.0	3.0	3.0	15.0	1.0	1.0	1.0	1.0	4.166666666666667	3.6666666666666665
sub-87601	4.0	2.0	1.0	2.0	5.0	2.0	4.0	4.0	4.0	4.0	2.0	4.0	2.0	5.0	1.0	0.0	1.0	1.0	3.5	2.8333333333333335
sub-87646	5.0	3.0	2.0	4.0	5.0	4.0	4.0	4.0	3.0	3.0	2.0	3.0	2.0	13.0	1.0	1.0	1.0	0.0	3.8333333333333335	3.1666666666666665
sub-87804	4.0	3.0	3.0	3.0	4.0	4.0	4.0	3.0	2.0	3.0	2.0	3.0	5.0	11.0	1.0	1.0	1.0	1.0	3.3333333333333335	3.0
sub-87990	4.0	5.0	3.0	1.0	5.0	5.0	2.0	1.0	5.0	5.0	5.0	5.0	8.0	8.0	1.0	1.0	1.0	1.0	3.1666666666666665	4.5
sub-88209	5.0	3.0	4.0	3.0	3.0	3.0	4.0	2.0	4.0	3.0	3.0	4.0	4.0	8.0	1.0	1.0	0.0	1.0	3.0	3.8333333333333335
sub-88402	2.0	3.0	4.0	4.0	5.0	5.0	4.0	4.0	5.0	5.0	5.0	5.0	2.0	4.0	1.0	1.0	0.0	1.0	4.166666666666667	4.333333333333333
sub-88589	3.0	3.0	3.0	3.0	3.0	3.0	3.0	3.0	3.0	3.0	3.0	3.0	4.0	8.0	1.0	1.0	1.0	1.0	3.0	3.0
sub-88608	4.0	3.0	1.0	1.0	3.0	4.0	1.0	1.0	4.0	3.0	3.0	5.0	7.0	10.0	1.0	1.0	0.0	1.0	2.0	3.5
sub-88760	5.0	5.0	5.0	4.0	4.0	4.0	4.0	4.0	4.0	3.0	3.0	5.0	5.0	8.0	1.0	0.0	0.0	1.0	4.0	4.333333333333333
sub-88770	5.0	2.0	3.0	2.0	2.0	5.0	3.0	2.0	5.0	4.0	5.0	4.0	6.0	12.0	0.0	0.0	0.0	1.0	2.5	4.5
sub-88773	4.0	3.0	5.0	3.0	5.0	5.0	3.0	4.0	5.0	4.0	5.0	5.0	9.0	9.0	1.0	1.0	1.0	1.0	3.6666666666666665	4.833333333333333
sub-89279	2.0	3.0	2.0	4.0	3.0	5.0	3.0	2.0	2.0	3.0	4.0	3.0	5.0	8.0	1.0	1.0	0.0	1.0	3.0	3.0
sub-89377	4.0	3.0	2.0	2.0	3.0	2.0	3.0	2.0	3.0	2.0	3.0	3.0	3.0	9.0	1.0	1.0	0.0	1.0	2.5	2.8333333333333335
sub-90021	4.0	4.0	2.0	2.0	4.0	4.0	4.0	4.0	4.0	4.0	4.0	4.0	4.0	19.0	0.0	0.0	0.0	1.0	3.6666666666666665	3.6666666666666665
sub-90060	5.0	3.0	5.0	2.0	5.0	4.0	3.0	4.0	3.0	4.0	4.0	5.0	3.0	15.0	1.0	1.0	1.0	1.0	3.5	4.333333333333333
sub-90077	3.0	1.0	5.0	3.0	1.0	1.0	2.0	1.0	4.0	2.0	3.0	5.0	4.0	8.0	1.0	0.0	0.0	1.0	1.6666666666666667	3.5
sub-90262	2.0	2.0	2.0	5.0	5.0	5.0	5.0	4.0	1.0	5.0	2.0	4.0	2.0	5.0	1.0	1.0	1.0	1.0	4.333333333333333	2.6666666666666665
sub-90281	3.0	3.0	2.0	4.0	4.0	3.0	4.0	4.0	2.0	4.0	3.0	2.0	4.0	12.0	1.0	1.0	1.0	0.0	3.8333333333333335	2.5
sub-90683	5.0	2.0	4.0	3.0	5.0	4.0	4.0	4.0	5.0	4.0	4.0	5.0	4.0	8.0	1.0	1.0	0.0	1.0	3.6666666666666665	4.5
sub-91717	3.0	3.0	3.0	2.0	4.0	3.0	3.0	4.0	3.0	4.0	3.0	5.0	8.0	14.0	1.0	1.0	1.0	1.0	3.3333333333333335	3.3333333333333335
sub-91919	3.0	3.0	4.0	4.0	3.0	5.0	4.0	3.0	5.0	3.0	5.0	5.0	8.0	10.0	1.0	1.0	1.0	1.0	3.3333333333333335	4.5
sub-91962	5.0	3.0	5.0	3.0	5.0	4.0	2.0	4.0	5.0	3.0	5.0	5.0	7.0	6.0	1.0	1.0	0.0	1.0	3.3333333333333335	4.833333333333333
sub-92089																				
sub-92182	5.0	3.0	3.0	3.0	3.0	3.0	3.0	4.0	5.0	5.0	3.0	4.0	4.0	8.0	1.0	1.0	0.0	1.0	3.5	3.8333333333333335
sub-92193	5.0	5.0	4.0	1.0	4.0	4.0	1.0	1.0	5.0	3.0	5.0	5.0	4.0	6.0	1.0	1.0	1.0	1.0	2.5	4.666666666666667
sub-92211	4.0	4.0	3.0	3.0	4.0	4.0	4.0	4.0	3.0	3.0	2.0	4.0	2.0	10.0	1.0	1.0	0.0	1.0	3.6666666666666665	3.3333333333333335
sub-92554	5.0	3.0	4.0	4.0	5.0	4.0	4.0	4.0	5.0	3.0	4.0	5.0	2.0	6.0	1.0	1.0	1.0	1.0	3.8333333333333335	4.5
sub-92927	5.0	4.0	4.0	3.0	4.0	4.0	4.0	3.0	5.0	3.0	3.0	5.0	5.0	8.0	1.0	1.0	0.0	1.0	3.5	4.333333333333333
sub-93051	4.0	3.0	5.0	2.0	4.0	4.0	3.0	4.0	3.0	3.0	3.0	5.0	4.0	10.0	1.0	1.0	0.0	1.0	3.1666666666666665	4.0
sub-93169	5.0	5.0	4.0	1.0	4.0	4.0	1.0	1.0	4.0	2.0	4.0	5.0	7.0	8.0	1.0	1.0	0.0	1.0	2.3333333333333335	4.333333333333333
sub-93274	5.0	1.0	5.0	3.0	5.0	4.0	4.0	3.0	5.0	5.0	5.0	5.0	8.0	10.0	1.0	1.0	1.0	1.0	3.5	4.833333333333333
sub-93278	5.0	4.0	4.0	3.0	4.0	3.0	3.0	4.0	2.0	4.0	2.0	5.0	4.0	5.0	1.0	1.0	1.0	0.0	3.6666666666666665	3.5
sub-93292	4.0	3.0	5.0	4.0	3.0	5.0	1.0	1.0	4.0	3.0	3.0	5.0	4.0	13.0	1.0	1.0	1.0	1.0	2.5	4.333333333333333
sub-93406	4.0	3.0	5.0	3.0	5.0	5.0	5.0	5.0	5.0	3.0	5.0	5.0	3.0	6.0	1.0	1.0	0.0	1.0	4.0	4.833333333333333
sub-93517	5.0	1.0	1.0	2.0	5.0	5.0	3.0	5.0	4.0	5.0	5.0	3.0	2.0	14.0	0.0	0.0	1.0	1.0	3.5	3.8333333333333335
sub-93549	5.0	5.0	1.0	3.0	4.0	5.0	3.0	3.0	4.0	4.0	5.0	5.0	6.0	5.0	1.0	1.0	0.0	1.0	3.6666666666666665	4.166666666666667
sub-93723	5.0	2.0	1.0	4.0	5.0	5.0	5.0	5.0	5.0	5.0	5.0	5.0	1.0	2.0	1.0	1.0	0.0	1.0	4.333333333333333	4.333333333333333
sub-93734	5.0	2.0	1.0	4.0	2.0	4.0	4.0	2.0	2.0	4.0	2.0	3.0	6.0	10.0	1.0	1.0	1.0	0.0	3.0	2.8333333333333335
sub-93787	4.0	3.0	4.0	4.0	4.0	3.0	3.0	4.0	4.0	4.0	4.0	4.0	6.0	8.0	1.0	1.0	0.0	1.0	3.6666666666666665	3.8333333333333335
sub-93856	4.0	2.0	4.0	3.0	4.0	3.0	3.0	3.0	3.0	3.0	2.0	5.0	4.0	6.0	1.0	1.0	1.0	1.0	3.0	3.5
sub-94276	4.0	2.0	4.0	5.0	3.0	3.0	4.0	5.0	3.0	3.0	4.0	3.0	24.0	5.0	1.0	0.0	0.0	0.0	3.6666666666666665	3.5
sub-94492	4.0	2.0	1.0	3.0	3.0	4.0	3.0	3.0	5.0	3.0	5.0	5.0	2.0	5.0	1.0	0.0	0.0	1.0	2.8333333333333335	4.0
sub-94848	5.0	5.0	1.0	1.0	5.0	5.0	1.0	1.0	5.0	5.0	5.0	5.0	24.0	3.0	1.0	1.0	1.0	1.0	3.0	4.333333333333333
sub-95015	4.0	4.0	2.0	3.0	5.0	4.0	4.0	5.0	2.0	4.0	5.0	5.0	3.0	9.0	1.0	1.0	1.0	1.0	4.166666666666667	3.6666666666666665
sub-95057	4.0	3.0	5.0	3.0	3.0	4.0	3.0	3.0	5.0	3.0	4.0	5.0	3.0	7.0	1.0	1.0	0.0	1.0	3.0	4.5
sub-95116	5.0	4.0	2.0	2.0	4.0	5.0	2.0	2.0	2.0	3.0	2.0	3.0	2.0	4.0	1.0	1.0	1.0	1.0	2.8333333333333335	3.1666666666666665
sub-95257	5.0	5.0	2.0	3.0	3.0	5.0	4.0	3.0	2.0	4.0	2.0	5.0	3.0	3.0	1.0	1.0	1.0	1.0	3.6666666666666665	3.5
sub-95460	5.0	5.0	5.0	3.0	3.0	5.0	3.0	3.0	5.0	4.0	5.0	5.0	10.0	8.0	1.0	1.0	0.0	1.0	3.5	5.0
sub-96659	4.0	3.0	3.0	4.0	5.0	3.0	4.0	2.0	3.0	4.0	4.0	4.0	5.0	9.0	1.0	1.0	1.0	0.0	3.6666666666666665	3.5
sub-97092	2.0	2.0	5.0	3.0	4.0	3.0	2.0	2.0	1.0	2.0	5.0	5.0	4.0	6.0	0.0	1.0	1.0	1.0	2.5	3.5
sub-97271	5.0	3.0	3.0	2.0	5.0	5.0	2.0	2.0	4.0	4.0	4.0	4.0	5.0	12.0	1.0	1.0	0.0	1.0	3.0	4.166666666666667
sub-97485	4.0	4.0	2.0	4.0	5.0	5.0	1.0	2.0	3.0	4.0	5.0	5.0	3.0	2.0	1.0	1.0	0.0	1.0	3.3333333333333335	4.0
sub-97994	5.0	4.0	4.0	4.0	3.0	5.0	4.0	4.0	3.0	4.0	3.0	5.0	1.5	2.0	1.0	0.0	0.0	0.0	3.8333333333333335	4.166666666666667
sub-98314	2.0	2.0	4.0	4.0	3.0	5.0	1.0	2.0	2.0	5.0	4.0	5.0	3.0	5.0	1.0	1.0	0.0	0.0	2.8333333333333335	3.6666666666666665
sub-98394	4.0	3.0	3.0	2.0	5.0	4.0	1.0	1.0	2.0	3.0	2.0	3.0	1.0	16.0	1.0	0.0	1.0	1.0	2.5	3.0
sub-98422	5.0	4.0	4.0	3.0	4.0	5.0	3.0	4.0	5.0	4.0	5.0	5.0	3.0	12.0	1.0	1.0	1.0	1.0	3.6666666666666665	4.833333333333333
sub-98535	5.0	3.0	4.0	3.0	5.0	5.0	4.0	4.0	4.0	5.0	5.0	5.0	3.0	15.0	0.0	1.0	1.0	0.0	4.0	4.666666666666667
sub-98567	2.0	2.0	1.0	4.0	4.0	3.0	4.0	3.0	3.0	4.0	4.0	3.0	3.0	1.0	1.0	1.0	0.0	0.0	3.5	2.6666666666666665
sub-98831	4.0	4.0	3.0	4.0	5.0	3.0	4.0	4.0	2.0	5.0	3.0	3.0	2.0	1.0	1.0	1.0	1.0	0.0	4.333333333333333	3.0
sub-98871	4.0	3.0	3.0	3.0	3.0	3.0	4.0	2.0	4.0	3.0	4.0	4.0	2.0	16.0	1.0	0.0	1.0	0.0	3.0	3.6666666666666665
sub-99352	5.0	5.0	1.0	4.0	5.0	5.0	1.0	1.0	5.0	4.0	5.0	4.0	1.0	8.0	0.0	0.0	0.0	1.0	3.3333333333333335	4.166666666666667
sub-99604	5.0	3.0	4.0	1.0	3.0	5.0	2.0	1.0	5.0	2.0	5.0	5.0	3.0	14.0	1.0	1.0	0.0	1.0	2.0	4.833333333333333
sub-99949	5.0	3.0	4.0	2.0	4.0	5.0	1.0	3.0	5.0	4.0	3.0	5.0	3.0	4.0	1.0	1.0	0.0	1.0	2.8333333333333335	4.5
sub-99964	5.0	1.0	1.0	1.0	5.0	5.0	1.0	5.0	5.0	5.0	5.0	5.0	3.0	7.0	0.0	1.0	0.0	0.0	3.0	4.333333333333333
